Factory,Tag_Number,Date,Work_Done,Test,Technician
AFC 1,FV-33002,16-7-2017,"replace packing after plug and seat m/c, pressure up to 180 bar ok.",,
AFC 1,FV-33122,1/6/2021 0:00,Check,,
AFC 1,FV-52005A,8/1/2022 0:00,Change diaphram,,
AFC 1,FV-54002,8/1/2022 0:00,Gland Tighted,,
AFC 1,FV-54003,16-7-2017,"after plug m/c, replace packing and gaskets, body pressure test up to 50 bar OK.",,
AFC 1,FV-54003,1/6/2021 0:00,change plug & seat,,
AFC 1,FV-54003,8/1/2022 0:00,Gland Tighted,,
AFC 1,FV-54004,20/1/2022,Gland Tighted,,
AFC 1,FV-56001,1/6/2021 0:00,maching for plug & seat,,
AFC 1,FV-58001,1/6/2021 0:00,maching for plug & seat,,
AFC 1,HV-33001,20/12/2021,gland tighted,,
AFC 1,HV-33005,12/11/2020 0:00,Gland Tighting,,
AFC 1,HV-33005,26/05/2021,Gland Tighting,,
AFC 1,HV-33006,1/6/2021 0:00,actuatore check,,
AFC 1,HV-33404,8/1/2022 0:00,Check,,
AFC 1,HV-33404,15/1/2023,check,,
AFC 1,HV-33702,20/11/2022,Gland Tighted,,
AFC 1,HV-33802,16-7-2017,"remove HW to change packing, fabricate new valve stem, due to stem pending",,
AFC 1,HV-52001,8/1/2022 0:00,Tigheting  Ponit ,,
AFC 1,HV-54014,8/1/2022 0:00,Gland Tighted,,
AFC 1,HV-56001,22-7-2017,"change actuator O-ring and packing, leakage 3.5 bar, body 170 bar",,
AFC 1,HV-56002,8/1/2022 0:00,Maching Internal,,
AFC 1,HV-57001,11/1/2021 0:00,Spray,,
AFC 1,HV-57008,22-7-2017,"Dismantle internals, send for m/c",,
AFC 1,HV-58001,1/6/2021 0:00,maching for plug & seat,,
AFC 1,LV-33005,1/6/2021 0:00,change 3pcs of packing,,
AFC 1,LV-33005,10/7/2021 0:00,"Machening plug + seat, tested 170 bar "" side flange""",,
AFC 1,LV-33005,20/11/2022,Gland Tighted,,
AFC 1,LV-33201,15/1/2023,تربيط جشمة ال stoper,,
AFC 1,LV-33205,16-7-2017,"eakage test ok, replace packing and actuator O-ring.",,
AFC 1,LV-33205,20/12/2021,Gland Tighted,,
AFC 1,LV-52112,4/1/2022 0:00,Gland Tighted,,
AFC 1,LV-56110,8/1/2022 0:00,Check,,
AFC 1,LV-57003A,1/2/2022 0:00,gland tighted,,
AFC 1,LV-57010,10/1/2020 0:00,Check in workshop,,
AFC 1,LV-57012,21/6/2021,Gland Tighted,,
AFC 1,LV-57012,25/11/2021,Gland Tighted,,
AFC 1,LV-57012,8/1/2022 0:00,Gland Tighted,,
AFC 1,LV-58008B,25/9/2021,Clean Stem And Air Supply In Field,,
AFC 1,LV-58008B,11/12/2021 0:00,Gland Tighted,,
AFC 1,PV-33201,3/1/2022 0:00,Check,,
AFC 1,PV-33203,3/1/2022 0:00,Check,,
AFC 1,PV-33801,8/1/2022 0:00,Check,,
AFC 1,PV-33803A,7/12/2021 0:00,gland tying,,Mostafa
AFC 1,PV-33803A,8/1/2022 0:00,Maching Internal,,
AFC 1,PV-33808,22/12/2021,tighet nail of oil tank,,
AFC 1,PV-54008,22-7-2017,cleaning valve adjust close stopper,,
AFC 1,PV-55002,22-7-2017,"plug and seat machining, leakage up to 9 bar air is ok.",,
AFC 1,PV-87101.2,1/6/2021 0:00,maching for plug & seat,,
AFC 1,TV-33216,1/6/2021 0:00,check movment,,
AFC 1,TV-33402,8/1/2022 0:00,Check,,
AFC 1,TV-33703,20/11/2022,Gland Tighted,,
AFC 1,TV-53011,22-7-2017,"cleaning valve internals, adjust close stopper pressure test up to 150 bar and movement are ok",,
AFC 1,XV-54005,17/12/2020,"oil Leak ""1 liter"", waiting nearly shutdown",,
AFC 1,XV-56002,8/7/2021 0:00,closed with hand pumb,,
AFC 1,XV-56002,8/1/2022 0:00,Open With Hand Pumb,,
AFC 1,LIC-33126,28-11-2021,Gland Tighted,,
AFC 1,LV-87102.4,1/6/2021 0:00,maching for plug & seat,,
AFC 1,XV-33140B,11/1/2021 0:00,Piston Changed,,
AFC 1,XV-33112,11/1/2021 0:00,Sealing Changed,,
AFC 1,LV-87104.2,8/1/2022 0:00,Maching Plug & Seat & New Bushing,,
AFC 1,Piston Boiler,8/1/2022 0:00,Changed,,
AFC 2,AV-31703,8/10/2015 0:00,Pressure and movement test are ok.,,
AFC 2,FFV-21403,9/10/2015 0:00,"Cleaning, test without and with accessories are ok.",,
AFC 2,FFV-21403,22-8-2019,Clean the valve and check its movement,,
AFC 2,FFV-21403,7/7/2020 0:00,Check for movement in workshop,,
AFC 2,FFV-21403,2/1/2021 0:00,Check,,
AFC 2,FFV-21403,10/1/2021 0:00,"Cleaning, test without and with accessories are ok.",,
AFC 2,FFV-21403,6/10/2022 0:00,check,,
AFC 2,FFV-21403,1/1/2023 0:00,Check,,
AFC 2,FV-01403,8/3/2021 0:00,Change Bushing,,
AFC 2,FV-02401,28-6-2015,"Small leakage found at pressure test, dismantle valve internals, change plug/stem, seat , plug seal ring, gaskets and packing with new ones, machining for valve body adjustment, inlet / outlet flanges and cage, pressure test and movement test are ok.",,
AFC 2,FV-03401,27-8-2019,Change its packing in field,,
AFC 2,FV-03401,7/7/2020 0:00,Tighten in the gland,,
AFC 2,FV-03402,7/10/2015 0:00,"Change packing and actuator bushing, movement test is ok.",,
AFC 2,FV-03405,28-6-2015,Change actuator bushing due to air leakage.,,
AFC 2,FV-03405,19-5-2025,,,
AFC 2,FV-03411,23-8-2019,Clean and check its movement,,
AFC 2,FV-03411,11/1/2021 0:00,Mount HandWheel,,
AFC 2,FV-05401,6/10/2022 0:00,change plug and cage ,,
AFC 2,FV-05402,6/10/2022 0:00,change plug and seat and cage,,
AFC 2,FV-09401,13-10-2015,Replace packing at field,,
AFC 2,FV-09401,11/1/2021 0:00,Change Actuator & Scraper Ring,,
AFC 2,FV-09402,13-10-2015,Replace packing at field,,
AFC 2,FV-09402,22/6/2021,Gland tighted,,
AFC 2,FV-09402,11/1/2021 0:00,Change Actuator & Scraper Ringe,,
AFC 2,FV-10402A,7/12/2020 0:00,CHECK,,
AFC 2,FV-10402A,7/1/2021 0:00,change plug & seat,,
AFC 2,FV-10402A,16/3/2021,change plug & seat,,
AFC 2,FV-21408,10/5/2021 0:00,bushing,,
AFC 2,FV-31403,4/10/2015 0:00,"Movement test is ok, air leakage from actuator bushing, packing and bushing will be replace , Replace actuator bushing and packing, movement test is ok.",,
AFC 2,FV-31403,29-8-2019,Check for leak through and movement,,
AFC 2,FV-31404,3/10/2015 0:00,"Replaced by maintained valve, that we repair its bonnet by new 321 st.st guide Replaced by maintained valve, that we repair its bonnet by new 321 st.st guide due to the erosion found, plug, seat body machining.",,
AFC 2,FV-31404,24-8-2019,"Machining for internal, leak test and check for its movement",,
AFC 2,FV-31404,4/4/2020 0:00,Change the valve by new one,,
AFC 2,FV-31404,10/1/2021 0:00,Change the valve by Flow Serve,,
AFC 2,FV-31404,6/10/2022 0:00,check for gland,,
AFC 2,FV-31404,1/1/2023 0:00,"Change Packing ""5 Peaces""",,
AFC 2,FV-31414,8/10/2015 0:00,"Change gasket, actuator bushing and yoke.",,
AFC 2,FV-31453,5/10/2015 0:00,"Replace actuator bushing and packing, movement test is ok.",,
AFC 2,FV-31453,29-8-2019,Check for leak through and movement,,
AFC 2,FV-31454,3/10/2015 0:00,"Leakage through found, dismantle internals for machining",,
AFC 2,FV-31454,7/7/2020 0:00,Check for leakage 10 bar. Change packing,,
AFC 2,FV-31454,31/10/2020,Chang Actuator,,
AFC 2,FV-31454,2/1/2021 0:00,Change With Another One,,
AFC 2,FV-31454,10/1/2021 0:00,Change the valve by Flow Serve,,
AFC 2,FV-31454,1/1/2023 0:00,"Change Packing ""5 Peaces""",,
AFC 2,FV-31464,7/10/2015 0:00,Pressure and movement test are ok.,,
AFC 2,FV-32401,4/10/2015 0:00,"Leakage through found 40 ml/min is greater than the accepted value, dismantle for machining, and assemble after change packing, gasket, and actuator bushing pressure test is ok.",,
AFC 2,FV-32401,25-8-2019,"Machining for plug and seat, leak test and check movement",,
AFC 2,FV-32401,3/3/2021 0:00,Change Bushing,,
AFC 2,FV-32401,31/8/2021,"change plug , seat , bushing, coupling and packing, check leak test and movment",,
AFC 2,FV-32401,11/1/2022 0:00,Machining for plug and seat,,
AFC 2,FV-32401,1/1/2023 0:00,"Change Plug, seat, packing, Carpone peace in gland  , check leak test and movment",,
AFC 2,FV-32402,7/10/2015 0:00,"Leakage through found, machining for internals, change act. Bushing, packing and gasket.",,
AFC 2,FV-32402,27-8-2019,"Machining for plug and change seat, leak test and check movement",,
AFC 2,FV-32403,4/10/2015 0:00,"No leakage found at pressure test, actuator and movement test are ok.",,
AFC 2,FV-32403,24-8-2019,"Machining for its internals, leak test and check for its movement",,
AFC 2,FV-32404,2/1/2021 0:00,Change With Another One,,
AFC 2,FV-32404,10/1/2021 0:00,Change With Another One,,
AFC 2,FV-32406,20/12/2020,change body,,
AFC 2,FV-32429,28-6-2015,Tight the gland ,,
AFC 2,FV-32453,4/10/2015 0:00,"Actuator yoke was broken from one side, replace it, no leakage found at pressure test, actuator and movement test are ok.",,
AFC 2,FV-32453,21-8-2019,"Change bushing, check its movement",,
AFC 2,FV-32453,16/12/2022,Tighted for the Bonit & Change Bushing With New,,
AFC 2,FV-32454,10/1/2021 0:00,Flushing,,
AFC 2,FV-32454,3/16/2022 0:00,change actuator in filed,,
AFC 2,FV-32456,9/10/2015 0:00,"Replace ceramic disc and sealing kit, test is ok.",,
AFC 2,FV-32456,19/9/2021,Change Boudy By Aonther One,,
AFC 2,FV-81401,,,,alaa & mostafa / 5hrs
AFC 2,FV-82401,7/10/2015 0:00,"Dismantle valves from pipe line, check for movement and internals found OK, valve opening adjusted to 90 deg. by releasing the opening stopper, Leakage through found, replace seat, cleaning and lapping for disc, movement and pressure test are ok.",,
AFC 2,HV-03607,7/10/2015 0:00,"Heavy leakage found at pressure test, dismantle internals for machining , Heavy leakage found due to plug and seat erosion, replace plug, seat and packing, pressure test up to 250 bar is ok.",,
AFC 2,HV-03607,27-8-2019,"Change plug and seat, leak test and check movement",,
AFC 2,HV-03610,10/10/2015 0:00,Tight gland,,
AFC 2,HV-07611,11/10/2015 0:00,"Leakage through found, machining for plug, seat, body flanges, replace packing and gaskets, pressure test up to 50 bar is ok.",,
AFC 2,HV-07611,24-8-2019,Dismount and send to workshop,,
AFC 2,HV-07611,28-8-2019,"Machining for plug and change seat, leak test and check movement",,
AFC 2,HV-08603,26/12/2020,handwheel release,,
AFC 2,HV-08604,16-10-2015,"Change graphite packing and bottom flange gasket, movement test is ok.",,
AFC 2,HV-08604,26/12/2020,handwheel release,,
AFC 2,HV-08605,14-10-2015,Replace packing and bottom flange gasket.,,
AFC 2,HV-08605,26/12/2020,handwheel release,,
AFC 2,HV-08606,15-10-2015,"Replace actuator, due to air leakage, packing and bottom flange gasket.",,
AFC 2,HV-08606,7/12/2020 0:00,decrease air supply from 6 to 5 bar,,
AFC 2,HV-08606,26/12/2020,stuck,,
AFC 2,HV-08607,16-10-2015,"Change Teflon packing and bottom flange gasket, movement test is ok.",,
AFC 2,HV-21602,9/10/2015 0:00,"Leakage through found, replace seat and body gasket, test ok.",,
AFC 2,HV-21602,29-8-2019,Check for movment,,
AFC 2,LV-03501,12/10/2015 0:00,"Leakage through found, replace plug, seat, stem, packing and gaskets, pressure test is ok.",,
AFC 2,LV-03501,22-8-2019,"Machining for seat and plug check movement, Dismount, send its internal to workshop",,
AFC 2,LV-03502,7/10/2015 0:00,Pressure and movement test are ok.,,
AFC 2,LV-03502,26-8-2019,"Machining for plug and seat, leak test and check movement",,
AFC 2,LV-03508,3/15/2022 0:00,change bushing in filed,,
AFC 2,LV-05504,23/10/2022,Gland Teghted,,
AFC 2,LV-05507A,21-2-2019,Check and adjust its stopper,,
AFC 2,LV-05507A,11/1/2021 0:00,Check Movment,,
AFC 2,LV-05507A,6/10/2022 0:00,machinig for flap and clamp and change seat ,,
AFC 2,LV-05507B,28-8-2019,Change packing at field,,
AFC 2,LV-05507B,6/10/2022 0:00,"machinig for body, seat and cage. change plug  ",,
AFC 2,LV-05515,6/10/2022 0:00,check,,
AFC 2,LV-07508,11/10/2015 0:00,"Leakage through found, machining for body, seat and plug, test ok",,
AFC 2,LV-07508,28-8-2019,Check for leak through and movement,,
AFC 2,LV-08501,10/10/2015 0:00,Tight gland,,
AFC 2,LV-08504,16-10-2015,Replace packing at field,,
AFC 2,LV-08504,14-12-2020,Gland Tighted,,
AFC 2,LV-08507,6/1/2022 0:00,Gland Tighted,,
AFC 2,LV-08510A,14-10-2015,"Leakage through found, dismantle for maintenance, Replace plug, seat, stem packing and gasket, pressure test is ok.",,
AFC 2,LV-08510A,7/12/2020 0:00,Gland tighted,,
AFC 2,LV-08510A,6/10/2022 0:00,change packing,,
AFC 2,LV-08510A,7/25/2022 0:00,change Plug & Seat,,
AFC 2,LV-08510A,6/1/2022 0:00,change packing,,
AFC 2,LV-08510B,13-10-2015,"Leakage through found, dismantle for maintenance, Machining for seat, replace plug, stem packing and gasket, pressure test is ok.",,
AFC 2,LV-08510B,7/12/2020 0:00,Gland tighted,,
AFC 2,LV-08510B,6/10/2022 0:00,change packing,,
AFC 2,LV-08510B,7/25/2022 0:00,change Plug & Seat,,
AFC 2,LV-08510B,6/1/2022 0:00,change packing,,
AFC 2,LV-08513A,20/1/2021,gland tighted,,
AFC 2,LV-08513A,6/12/2021 0:00,gland tighted,,
AFC 2,LV-08513A,12/102022,gland tighted,,
AFC 2,LV-08513B,6/12/2021 0:00,gland tighted,,M Abdallah
AFC 2,LV-08515,16-10-2015,Replace packing at field,,
AFC 2,LV-08515,7/7/2020 0:00,Tighten on the gland,,
AFC 2,LV-08515,11/1/2021 0:00,Tighten On The Gland,,
AFC 2,LV-08516,16-10-2015,Replace packing at field,,
AFC 2,LV-08516,20/12/2020,change actuator,,
AFC 2,LV-09501,16/11/2022,Gland tighted,,
AFC 2,LV-09503A,13-10-2015,Tight gland at field,,
AFC 2,LV-09503A,8/1/2022 0:00,Tight gland at field,,
AFC 2,LV-09503B,13-10-2015,Replace packing at field,,
AFC 2,LV-09506,6/10/2022 0:00,check,,
AFC 2,LV-10501,6/10/2022 0:00,check,,
AFC 2,LV-21501,8/10/2015 0:00,Pressure and movement test are ok.,,
AFC 2,LV-21501,25-8-2019,"Machining for its internals, change packing leak test and check for its movement",,
AFC 2,LV-21504,3/10/2015 0:00,"Pressure test is good, and due to heavy erosion in actuator we replace actuator by new one, we change also packing.",,
AFC 2,LV-21510,9/10/2015 0:00,Replace by new control valve with accessories.,,
AFC 2,LV-21510,22-8-2019,"Change plug and seat, and its seal",,
AFC 2,LV-21510,7/7/2020 0:00,Machining for plug and seat change packing,,
AFC 2,LV-21510,1/1/2023 0:00,Change With New Spare One,,
AFC 2,LV-21514,2/10/2015 0:00,"Leakage through found at pressure test, dismantle valve internals, send body with seat, bonnet and plug for machining. ",,
AFC 2,LV-21514,20-8-2019,"Dismount; send plug and seat for machining , Weld seat with valve body, send body with seat for re-machining.",,
AFC 2,LV-21514,1/1/2023 0:00,"Machining ""Plug & Seat"" & Change Packing & Change Bushing new desing",,
AFC 2,LV-21520,4/10/2015 0:00,"Bottom flange and packing pressure test are ok, but loose found in 2 pins that fix shaft with disc, it will be fabricate and replace , Fabricate new 3 pins, and replace the old loose pins.",,
AFC 2,LV-21520,20-8-2019,Dismount; send body for machining,,
AFC 2,LV-21520,7/7/2020 0:00,Change the valve by new one,,
AFC 2,LV-21520,11/1/2022 0:00,Change Gasket Of Bottom Flange,,
AFC 2,LV-21551,8/10/2015 0:00,Pressure and movement test are ok.,,
AFC 2,LV-21551,21-8-2019,leak test and its movement,,
AFC 2,LV-31501,29-8-2019,Check for leak through and movement,,
AFC 2,LV-32511,3/10/2015 0:00,"Leakage through found 120 ml/min is greater than the accepted value, dismantle internals for machining.",,
AFC 2,LV-32511,27-8-2019,"Machining for plug and change seat, leak test and check movement",,
AFC 2,LV-32511,1/1/2023 0:00,"Machining for plug and change seat, Packing, leak test and check movement, Change Bushing New Desing",,
AFC 2,LV-32517,20-8-2019,cleaning valve internal and check its movement,,
AFC 2,LV-32517,8/1/2020 0:00,cleaning valve internal and check its movement,,
AFC 2,LV-32517,2/1/2021 0:00,"Change ""1"" O-ring Seal",,
AFC 2,LV-32517,7/1/2022 0:00,Change With Another One,,
AFC 2,LV-32517,20/11/2022,Flushing,,
AFC 2,LV-32567,20-8-2019,"cleaning the valve, check its movement",,
AFC 2,LV-32567,2/1/2021 0:00,"Change ""1"" O-ring Seal",,
AFC 2,LV-32567,10/1/2021 0:00,Change With Another One,,
AFC 2,LV-32567,8/1/2022 0:00,Flushing,,
AFC 2,LV-32567,11/1/2022 0:00,Change With Another One,,
AFC 2,LV-32567,11/1/2022 0:00,Flushing,,
AFC 2,LV-32567,12/1/2022 0:00,Flushing,,
AFC 2,LV-32573,9/10/2015 0:00,"Pressure and movement test are ok, replace actuator due to air leakage.",,
AFC 2,LV-81501,28-4-2020,Check for movement in workshop,,
AFC 2,LV-82501,28-6-2015,"Dismantle valves from pipe line, check for movement and internals found OK, valve opening adjusted to 90 deg. by releasing the opening stopper.",,
AFC 2,LV-85501,12/10/2015 0:00,"Replace valve body with pre-maintained valve, due to leakage.",,
AFC 2,LV-83551,10/10/2015 0:00,"Tight gland, Check for valve movement and pressure test up to 65 bar found OK in presence of Dr. Qinawy, and we inform operation stuff to check the manual bypass that may cause the leakage.",,
AFC 2,LV-83551,23-8-2019,"Dismount, send its internal to workshop, Machining for internal and maintain its hand wheel",,
AFC 2,LV-83551,7/7/2020 0:00,Machining for Plug and seat,,
AFC 2,LV-89501,22-8-2019,Clean the valve and check its movement,,
AFC 2,LV-89508,25-8-2019,Clean the valve and check movement,,
AFC 2,PCV-21387,2/1/2021 0:00,Check And Adjustment,,
AFC 2,PCV-83213,26-8-2019,Adjust its range and check for body leakage,,
AFC 2,PV-03231A,11/10/2015 0:00,"Leakage through found, adjustment for bonnet and cage, replace plug, seat, stem, packing and gaskets, pressure test is ok.",,
AFC 2,PV-03231B,11/10/2015 0:00,"Leakage through found,adjustment for bonnet and cage, replace plug, seat, stem, packing and gaskets, pressure test is ok.",,
AFC 2,PV-03239,12/10/2015 0:00,Change actuator bushing due to air leakage,,
AFC 2,PV-03260,6/10/2015 0:00,"Dismantle internals for machining, due to the leakage found , Replace actuator bushing, plug and seat machining, change gasket and packing, pressure test up to 130 bar is ok , Assemble after seat, plug and bottom face machining, but small leakage found, replace seat by new one, re machining for plug, change packing and gaskets, pressure and movement test are ok.",,
AFC 2,PV-03260,24-8-2019,Dismount and send to workshop,,
AFC 2,PV-03260,28-8-2019,"Machining for plug and change seat, leak test and check movement",,
AFC 2,PV-03260,7/7/2020 0:00,Change actuator by another one,,
AFC 2,PV-03270,11/2/2021 0:00,gland tighet,,
AFC 2,PV-04204,28-8-2019,Dismount the valve and send internal to work shop,,
AFC 2,PV-05201,28-8-2019,Check the new valve to be mounting,,
AFC 2,PV-05236A,26-8-2019,Maintain for its hand wheel and check for its movement,,
AFC 2,PV-05236B,26-8-2019,Maintain for its hand wheel and check for its movement,,
AFC 2,PV-06205,27-8-2019,Check for leak through and movement,,
AFC 2,PV-10201B,15-10-2015,Replace actuator bushing at field.,,
AFC 2,PV-10201B,29-8-2019,"Change for plug, seat, and diaphragm and bushing,leak test and check movement",,
AFC 2,PV-10201B,6/10/2022 0:00,change diaphram,,
AFC 2,PV-10202A,8/10/2020 0:00,check,,
AFC 2,PV-10202A,24/4/2021,check found problem in condenser,,
AFC 2,PV-10202A,11/1/2022 0:00,Gland Tighted,,
AFC 2,PV-10202A,12/1/2021 0:00,Gland Tighted,,
AFC 2,PV-10203A,28-6-2015,Change actuator bushing due to air leakage.,,
AFC 2,PV-21251B,22-8-2019,"Dismount, send its internal to workshop",,
AFC 2,PV-21303,28-6-2015,"Change plug/ stem assembly, guide bushing and key due to some erosion on the old plug guide, weld guide bushing of the bottom flange after adjust the alignment, also we change gaskets and packing, movement test is OK.",,
AFC 2,PV-21303,26-8-2019,"Dismount, send its internal to workshop, Change plug and seat,leak test and check movement",,
AFC 2,PV-21303,24/12/2020,gland Tighte,,
AFC 2,PV-21303,1/1/2023 0:00,Machening For Seat & Change Plug With New & Bushing & Packing,,
AFC 2,PV-21340,2/1/2021 0:00,Change Body With Another One & spool's spring,,
AFC 2,PV-31207,5/10/2015 0:00,"Heavy leakage through found at pressure test, dismantle internals for machining , Assemble the valve after plug, seat cage machining, replace gasket, packing and plug seal ring, pressure test and movement are ok.",,
AFC 2,PV-31207,29-8-2019,Check for leak through and movement,,
AFC 2,PV-31213,2/10/2015 0:00,"The leakage through found (150 ml/min) is more than the accepted value (16 ml/min), dismantle valve internals plug, seat and body for machining, working in actuator maintenance.",,
AFC 2,PV-31213,21-8-2019,"Change bushing, check its movement",,
AFC 2,PV-31213,9/5/2021 0:00,check,,
AFC 2,PV-31213,1/1/2023 0:00,Check,,
AFC 2,PV-31251B,7/10/2015 0:00,"Leakage found between bonnet and body, dismantle for m/c , Replace plug, seat and cage, change packing and gasket, body studs need more time to dismantle, so no machining done for valve body, after assemble some leakage found.",,
AFC 2,PV-31251B,1/1/2023 0:00,Change Bushing,,
AFC 2,PV-31254,8/10/2015 0:00,"Pressure test is ok, change packing.",,
AFC 2,PV-31254,4/1/2022 0:00,Gland tighted,,
AFC 2,PV-31313,2/10/2015 0:00,"The leakage through found (40 ml/min) is more than the accepted value (16 ml/min), dismantle valve internals plug, seat and body for machining, working in actuator maintenance.",,
AFC 2,PV-31313,21-8-2019,"Change bushing, check its movement",,
AFC 2,PV-32212,9/10/2015 0:00,Small leakage found can be accepted.,,
AFC 2,PV-32212,20-8-2019,Dismount; send plug and seat for machining,,
AFC 2,PV-32212,21-8-2019,"machining for internal, change packing",,
AFC 2,PV-32312,9/10/2015 0:00,Small leakage found can be accepted.,,
AFC 2,PV-32312,20-8-2019,"change packing, check its movement",,
AFC 2,PV-82201A,27-8-2019,Change actuator bushing and support in the field,,
AFC 2,PV-82201,28-6-2015,Change actuator bushing due to air leakage.,,
AFC 2,PV-82208,30/10/2022,Gland Tighted,,
AFC 2,TV-03011,25-8-2019,"Machining for its internals, change packing leak test and check for its movement",,
AFC 2,TV-03013,8/12/2020 0:00,Change Packing,,
AFC 2,TV-04007,44019,Check for leakage 60 bar. Add 3 packing ring  ,,
AFC 2,TV-04007,30/11/2020,gland leakage = Tighted ,,
AFC 2,TV-31021,8/10/2015 0:00,Pressure and movement test are ok.,,
AFC 2,TV-31021,22-8-2019,Check for movment and machining for coupling,,
AFC 2,TV-31021,22-10-2020,Maintenance the actuator in field,,
AFC 2,TV-31021,10/1/2021 0:00,Adjust Handwheel,,
AFC 2,TV-31021,7/1/2022 0:00,Machinig for Plug + Body Weld,,
AFC 2,TV-31021,4/12/2022 0:00,Gland tighted,,
AFC 2,TV-31034,8/10/2015 0:00,Pressure and movement test are ok.,,
AFC 2,TV-31034,24-8-2019,"Machining for internal, leak test and check for its movement",,
AFC 2,TV-32001A,5/10/2015 0:00,"Leakage found at pressure test, dismantle for machining , Assemble valve, pressure test ok.",,
AFC 2,TV-32001A,6/10/2022 0:00,chage yoke,,
AFC 2,TV-32001A,6/1/2022 0:00,Adjustment,,
AFC 2,TV-32001B,5/10/2015 0:00,Pressure test found ok.,,
AFC 2,TV-32001B,6/10/2022 0:00,change actutor,,
AFC 2,TV-32001B,6/1/2022 0:00,Adjustment,,
AFC 2,TV-32011,6/10/2015 0:00,"Leakage found less than the accepted value, change actuator bushing and packing.",,
AFC 2,TV-32011,25-8-2019,"Machining for internal, leak test and check for its movement",,
AFC 2,TV-32012,22-8-2019,"Dismount, send its internal to workshop",,
AFC 2,TV-32012,23-8-2019,Check for movement and machining for its internal,,
AFC 2,TV-32012,13/12/2021,Gland Tighted,,
AFC 2,TV-32023,4/10/2015 0:00,"Leakage through found, dismantle internals for machining , Assemble after internals machining, test ok.",,
AFC 2,TV-32023,20-8-2019,Valves delivered to workshop,,
AFC 2,TV-32060,28-4-2020,change bushing ,,
AFC 2,TV-32111,3/10/2015 0:00,"Pressure test is good, air leakage from actuator bushing, replace it movement test is ok.",,
AFC 2,TV-32111,24-8-2019,"change packing and actuator washer, leak test and check movement",,
AFC 2,TV-32112,29-8-2019,"Machining for plug and change seat, leak test and check movement",,
AFC 2,TV-32123,4/10/2015 0:00,"Leakage through found at pressure test is 65 ml/min, for this valve class type it is accepted up to 260 ml/min, movement and actuator test are ok.",,
AFC 2,TV-32123,20-8-2019,Valves delivered to workshop,,
AFC 2,TV-32160,28-4-2020,paint,,
AFC 2,TV-32160,6/12/2021 0:00,gland,,ahmed salah
AFC 2,TV-33001,22-8-2019,"Dismount, send its internal to workshop",,
AFC 2,TV-34010,1/5/2021 0:00,bushing,,
AFC 2,TV-81003,4/10/2015 0:00,"Heavy leakage through found, dismantle internals for machining , After body machining, replace plug, seat silencer and gasket, test ok.",,
AFC 2,TV-81003,20-8-2019,Dismount; send plug and seat for machining,,
AFC 2,XV-05901,26-8-2019,Dismount the valve and send its body to maintenance group to check,,
AFC 2,XV-05901,29-8-2019,Change piston seal kit and change its internal by manual valves work shop,,
AFC 2,XV-07911,13-10-2015,"Dismantle actuator at field, to replace actuator cover due to air leakage, Replace all internals soft kit, After replacing all soft seals and proximity switch, movement and air leakage test are ok.",,
AFC 2,XV-07912,15-10-2015,Replace packing at field,,
AFC 2,XV-07913,11/10/2015 0:00,"Remove seat clamp and cap nut, by heating around valve body, Fabricate tool to extract seat from body, extract both seats, Clean internals, adjustment for seat clamp and cap, assemble valve after replacing plug, seat and all soft parts, leakage through test with air up to 9 bar is ok, Pressure, movement and quick close tests, are ok.",,
AFC 2,XV-07914,13-10-2015,"Fabricate tool to extract seat from body, extract both seats, Cleaning valve internals, check seat clamp and cap threads, Replace piston plug, seat and all soft parts, pressure and movement test are ok.",,
AFC 2,XV-11901,12/7/2020 0:00,Leak though test 170 bar ,,
AFC 2,XV-11903,8/10/2020 0:00,Bushing & Check,,
AFC 2,XV-11903,7/12/2020 0:00,Leak through test 170 bar ,,
AFC 2,XV-21902,9/10/2015 0:00,Movement and pressure test are ok.,,
AFC 2,XV-21902,22-8-2019,Clean the valve and check its movement,,
AFC 2,XV-21902,7/7/2020 0:00,Check for movement in workshop,,
AFC 2,XV-21902,1/1/2023 0:00,Check for movement in workshop,,
AFC 2,XV-21903,7/10/2015 0:00,Pressure and movement test are ok.,,
AFC 2,XV-21903,23-8-2019,Check its movement,,
AFC 2,XV-21903,1/1/2023 0:00,Check its movement,,
AFC 2,XV-21905,1/1/2023 0:00,"Change Packing, Check Movement & tested ""15 bar"" ",,
AFC 2,XV-21906,2/1/2021 0:00,"Change ""2 pcs"" Packing & tighet the gland ""3 times""",,
AFC 2,XV-21906,10/1/2021 0:00,Change Packing At Field,,
AFC 2,XV-21908,9/10/2015 0:00,"Cleaning for internals, test is ok.",,
AFC 2,XV-21908,24-8-2019,Check its movement,,
AFC 2,XV-31959,23-8-2019,"Change internal, actuator bushing",,
AFC 2,XV-81902,20-8-2019,Change actuator seal kit adjust moving,,
AFC 2,XV-82902,25-8-2019,"Change piston, leak test and check for its movement",,
AFC 2,XV - 90925,2/1/2022 0:00,change (seat & plug& piston),,
AFC 2,XV - 32606,30-4-2020,change valve from storage,,
AFC 2,LV-02510B,12/11/2020 0:00,Gland Tighet,,
AFC 2,XV-218001,10/1/2021 0:00,Change Packing,,
AFC 2,XV-218002,10/1/2021 0:00,Machening,,
AFC 2,MOV 26,3/1/2022 0:00,SEAT MANUFACTORING,,
AFC 2,D5,10/1/2021 0:00,Change With New One,,
AFC 2,D8,10/1/2021 0:00,Cleaned,,
AFC 2,K2-32654,11/1/2021 0:00,Washer Changed,,
AFC 2,K4-32611,11/1/2021 0:00,Washer + Nails manufacturing,,
AFC 2,K4-32611,3/1/2022 0:00,Washer + stem manufacturing,,
AFC 2,XV-142C,3/1/2022 0:00,Add 1 spring (to be 4 springs),,
AFC 2,TV-82001,3/1/2022 0:00,Gland Tighted,,
AFC 2,TV-83007,4/1/2022 0:00,Gland Tighted,,
AFC 2,TV-83007,6/1/2022 0:00,Gland Tighted,,
AFC 2,TV-83057,6/1/2022 0:00,Change Packing,,
AFC 2,TV-83057,,,,
AFC 2,TV-83501,6/1/2022 0:00,Change Packing,,
AFC 2,TV-83501,,,,
AFC 3,FV-303401,5/14/2022 0:00,"change packing, bushing, plug, seat","9 bar air leakage, 50 bar body",M. A
AFC 3,FV-303402,5/8/2022 0:00,change pushing and packing,motion  test,Mohammed Saad
AFC 3,FV-310402,5/10/2022 0:00,machining plug and seat change pushing,,salah
AFC 3,FV-310406,5/8/2022 0:00,machining plug and seat and changes gaskits,50 bar both,Alaa
AFC 3,FV-324401,5/21/2022 0:00,internal m/c change packing gasket,10 bar leak 20 bar gland,M. A
AFC 3,FV-329401,5/20/2022 0:00,replace seat body seal packing,10 bar gland,M. A
AFC 3,FV-329402,5/13/2022 0:00,MACHINIG INTERNAL,"27 bar leakage, 35 bar body",ashraf
AFC 3,FV-390417,5/17/2022 0:00,"change diaphram and bushing, machining for internal",,salah
AFC 3,FV-390418,5/17/2022 0:00,bushing,4 bar leakage 10 shutoff,ashraf
AFC 3,FV-390419,5/17/2022 0:00,replace valve body,5 bar air,M. G
AFC 3,FV-390420,5/10/2022 0:00,change bushing machining gland bolt,10 bar leak 15 bar shutoff,salah
AFC 3,HV-301603,5/10/2022 0:00,change pushing and packing,,Alaa
AFC 3,HV-303607,5/13/2022 0:00,machining plug and seat ,240 bar both,Alaa
AFC 3,HV-303610,5/17/2022 0:00,"internal m/c, replace gaskets, packing, bushing",,M. G
AFC 3,HV-307605,5/18/2022 0:00,"internal m/c, replace packing gaskets seal ring",180 for both,M. A
AFC 3,HV-308609,5/15/2022 0:00,machining internal and replace cage,180 bar leak 210 gland,Mohammed Saad
AFC 3,HV-322604,5/7/2022 0:00,"test ok, change 4 packing",170 bar leake through and gland,M. A
AFC 3,HV-322605,11/1/2020 0:00,Gland Tight,,
AFC 3,HV-322605,5/8/2022 0:00,internal m/c change packing base ring bushing,"180 bar body, 500 ml @ 3.5 bar leakage through",M. A
AFC 3,HV-322605,12/1/2022 0:00,"Change Packing ""Indoor""",,
AFC 3,HV-323605,5/19/2022 0:00,check,,M. A
AFC 3,HV-383004,6/12/2020 0:00,gland leakage = Tighted ,,
AFC 3,LV-303502,5/13/2022 0:00,"body m/c, replace plug seat packing gaskets",170 bar leake through and gland,M. A
AFC 3,LV-305501,5/10/2022 0:00,machining plug and seat change pushing,,salah
AFC 3,LV-305507A,5/14/2022 0:00,CHECK,,Mohammed Saad
AFC 3,LV-308501,2/3/2022 0:00,check in filed,,
AFC 3,LV-308501,5/18/2022 0:00,"body m/c, replace plug seat packing gaskets",190 bar leakage and body,M. A
AFC 3,LV-308507,5/13/2022 0:00,machining plug and seat,"15 bar leakage, 25 bar shutoff",salah
AFC 3,LV-308507,7/1/2022 0:00,Spray,,
AFC 3,LV-308507,8/1/2022 0:00,Spray,,
AFC 3,LV-308510A,5/18/2022 0:00,internal m/c change packing gasket,180 bar both,Ahmed Adel
AFC 3,LV-308510B,5/18/2022 0:00,check packing,"leakage 180, body 210",M. G
AFC 3,LV-308513B,5/16/2022 0:00,CHECK REPLACE DIAPHRAM machining for internal ,25 bar leak 35 gland,salah
AFC 3,LV-309503,5/28/2022 0:00,gland tighted,,
AFC 3,LV-310501,5/8/2022 0:00,machining plug and seat and change packing,40 bar leak through and  40 bar Gland,waly
AFC 3,LV-310503,5/8/2022 0:00,"internal m/c, replace plug seat gaskets",,M. G
AFC 3,LV-310509,4/8/2020 0:00,Change plug and seat and packing by new ,,
AFC 3,LV-310509,5/9/2022 0:00,"internal m/c change plug, seat gaskets, and packing",,M. G
AFC 3,LV-322501,11/1/2020 0:00,Gland Tight,,
AFC 3,LV-322501,5/7/2022 0:00,"internal m/c  , change plug and soft seat and packing",160bar leak & 180bar shutoff,Mohammed Saad
AFC 3,LV-322502,5/10/2022 0:00,change bushing and packing,10 bar both,M. G
AFC 3,LV-323501,5/19/2022 0:00,internal m/c,10BAR LEAK 20 BAR GLAND,salah
AFC 3,LV-323505,8/6/2021 0:00,Gland tighted,,
AFC 3,LV-323505,5/21/2022 0:00,internal m/c change packing gasket,2 bar leak 10 bar gland,Alaa
AFC 3,LV-328503,24/3/2021,GLAND TIGHETED,,
AFC 3,LV-329503,28/3/2021,Gland Tighted,,
AFC 3,LV-329503,5/27/2022 0:00,Gland Tighted,,
AFC 3,LV-329506A,24/3/2021,GLAND TIGHETED,,
AFC 3,LV-329506A,2/1/2022 0:00,CHANGE (SEAT & PLUG & PAKING & PONIT GASKET),,
AFC 3,LV-335501B,1/6/2021 0:00,change piston,,
AFC 3,LV-381501,5/11/2022 0:00,machining plug and seat ,5 bar leak 17 bar shutoff,salah
AFC 3,LV-381503,5/11/2022 0:00,"change acuator , yoke and pushing",20bar both,Alaa
AFC 3,LV-385501A,5/8/2022 0:00,machining plug and seat,10 bar both,salah
AFC 3,LV-389501,5/15/2022 0:00,change acutator and packing,,M. G
AFC 3,LV-389508,5/11/2022 0:00,check motion and clean flap,,alaa
AFC 3,PV-304204,5/13/2022 0:00,"internal m/c, change gaskets packing & bushing",leakage and body up to 40 bar,M. A
AFC 3,PV-305201,5/13/2022 0:00,machining for internal change cage and stem ,,Mohammed Saad
AFC 3,PV-306205,5/14/2022 0:00,check,9 bar air leakage,M. A
AFC 3,PV-308205,20/12/2020,check & tested,,
AFC 3,PV-310201B,5/13/2022 0:00,BUSHING machining internal,30 bar gfor both,alaa
AFC 3,PV-310202,5/14/2022 0:00,machining plug and seat change pushing,20 bar leak 30bar gland,salah
AFC 3,PV-310203A,5/11/2022 0:00,change acuator  pushing ,180bar leak & 210bar shutoff,salah
AFC 3,PV-310203B,5/12/2022 0:00,"BUSHING, HAND WHEEL",,salah
AFC 3,PV-320206A,1/1/2023 0:00,gland tighted,,
AFC 3,PV-322201,5/12/2022 0:00,"plug, seat m/c, change actuator, small leakage found","5 bar leakage, 15 bar body",M. A
AFC 3,PV-322203,5/9/2022 0:00,"MACHINING, PLUG AND SEAT ",160 bar leakthrough,Mohammed Saad
AFC 3,PV-328203,5/20/2022 0:00,internal m/c change packing gasket welding for plug,,Anoas
AFC 3,PV-329202,5/19/2022 0:00,check,,M. A
AFC 3,PV-329202,12/1/2022 0:00,check,,
AFC 3,PV-329203,5/17/2022 0:00,replace body seal and seat,without pressure test,M. G
AFC 3,PV-329204,5/19/2022 0:00,check,,M. A
AFC 3,PV-329205A,5/19/2022 0:00,internal m/c,,salah
AFC 3,PV-329205B,5/19/2022 0:00,internal m/c change packing gasket,15bar both,M. G
AFC 3,PV-329207A,5/20/2022 0:00,change 2 packing ring,10bar for gland,Mohammed Saad
AFC 3,PV-329207C,5/19/2022 0:00,internal m/c change packing gasket,,Mohammed Saad
AFC 3,TV-303013,10/1/2021 0:00,"Change Packing ""Workshop""",,
AFC 3,TV-303027,11/1/2021 0:00,Gland Tighted,,
AFC 3,TV-304007,5/12/2022 0:00,check motion ,160 bar both,Mohammed Saad
AFC 3,TV-305027,12/12/2021 0:00,gland tighted,,
AFC 3,TV-329005,5/11/2022 0:00,"change packing, gasket & body seal",,M. G
AFC 3,TV-335013,5/9/2022 0:00,"m/c, change packing and gasket",,M. A
AFC 3,TV-335015,5/19/2022 0:00,internal m/c,up to 20bar,Ahmed Adel
AFC 3,TV-335017,5/9/2022 0:00,"m/c, change packing, gasket & diaphragm",15 bar,M. A
AFC 3,TV-335020,29/11/2022,Gland Tighted,,
AFC 3,XV-304901,5/14/2022 0:00,check,,M. A
AFC 3,XV-304902,5/13/2022 0:00,"replace seat, packing and body seal",no pressure test done,M. G
AFC 3,XV-305901,20/12/2021,Stoper Adjust,,
AFC 3,XV-305904,5/27/2022 0:00,gland tighted,,
AFC 3,XV-308905,28/12/2022,Change Bushing With New,,
AFC 3,XV-321901,5/17/2022 0:00,check,,M. G
AFC 3,XV-322901,5/19/2022 0:00,replace plug seat,,M. G
AFC 3,XV-322902,5/10/2022 0:00,"MACHININGfor internal and change plug and BUSHING, change damaged actuator",,Mohammed Saad
AFC 3,XV-322903,8/6/2021 0:00,Gland tighted,,
AFC 3,XV-322903,5/10/2022 0:00,change plug seat packing,,M. A
AFC 3,XV-322903,12/1/2022 0:00,"Machinig Plug & Seat, Change Packing, Change Cage & Carbon Ring",,
AFC 3,XV-322903,12/1/2022 0:00,Gland Tighted,,
AFC 3,XV-322915,5/9/2022 0:00,"m/c, change packing and gasket",,M. G
AFC 3,XV-329901,12/1/2022 0:00,"Machining Plug & Seat, Change Bushing With New",,
AFC 3,XV-381902,6/13/2022 0:00,Gland Tighted,,
AFC 3,XV-381902,8/1/2022 0:00,Open The Valve,,
AFC 3,XV-390906,3/15/2022 0:00,Change (seat & plug),,
AFC 3,XV-390909,3/16/2022 0:00,cgange packing,,
AFC 3,XV-390914,3/15/2022 0:00,adjust flap + change packing,,
AFC 3,XV-390945,3/18/2022 0:00,change packing,,
AFC 3,XV-390950,3/16/2022 0:00,change packing,,
AFC 3,XV-390957,3/15/2022 0:00,change packing,,
AFC 3,NCMETER,11/1/2020 0:00,Changed With Another,,
